run_id,event_type,ts_utc,proposal_path,command,exit_code,duration_seconds,log_path,git_head,git_dirty
20260917T130221Z_3678b6f4ca1e,registered,2026-09-17T13:02:21.405418+00:00,research/proposals/2026-09-17-gex-pin-ma150-extension.md,scripts/backtest/.venv/bin/python3 scripts/backtest/gex_pin_ma150_extension_test.py,,,/home/assaf/Projects/aria-trading/research/runs/20260917T130221Z_3678b6f4ca1e.log,fb3a7379d05460742dd2151df63ae90ed91d37a0,True
20260917T130221Z_3678b6f4ca1e,completed,2026-09-17T13:02:53.564903+00:00,research/proposals/2026-09-17-gex-pin-ma150-extension.md,scripts/backtest/.venv/bin/python3 scripts/backtest/gex_pin_ma150_extension_test.py,0,32.1589,/home/assaf/Projects/aria-trading/research/runs/20260917T130221Z_3678b6f4ca1e.log,fb3a7379d05460742dd2151df63ae90ed91d37a0,True
20260917T130513Z_63bc4d811601,registered,2026-09-17T13:05:13.702243+00:00,research/proposals/2026-09-17-gex-pin-ma150-extension.md,scripts/backtest/.venv/bin/python3 scripts/backtest/gex_pin_ma150_extension_test.py,,,/home/assaf/Projects/aria-trading/research/runs/20260917T130513Z_63bc4d811601.log,fb3a7379d05460742dd2151df63ae90ed91d37a0,True
20260917T130513Z_63bc4d811601,completed,2026-09-17T13:05:36.062665+00:00,research/proposals/2026-09-17-gex-pin-ma150-extension.md,scripts/backtest/.venv/bin/python3 scripts/backtest/gex_pin_ma150_extension_test.py,0,22.3604,/home/assaf/Projects/aria-trading/research/runs/20260917T130513Z_63bc4d811601.log,fb3a7379d05460742dd2151df63ae90ed91d37a0,True
20260917T131712Z_26c661a6363d,registered,2026-09-17T13:17:12.719458+00:00,research/proposals/2026-09-17-gex-pin-ma150-extension.md,scripts/backtest/.venv/bin/python3 scripts/backtest/gex_pin_ma150_extension_test.py,,,/home/assaf/Projects/aria-trading/research/runs/20260917T131712Z_26c661a6363d.log,fb3a7379d05460742dd2151df63ae90ed91d37a0,True
20260917T131712Z_26c661a6363d,completed,2026-09-17T13:17:35.263227+00:00,research/proposals/2026-09-17-gex-pin-ma150-extension.md,scripts/backtest/.venv/bin/python3 scripts/backtest/gex_pin_ma150_extension_test.py,0,22.5438,/home/assaf/Projects/aria-trading/research/runs/20260917T131712Z_26c661a6363d.log,fb3a7379d05460742dd2151df63ae90ed91d37a0,True
20260917T133819Z_401cae621e62,registered,2026-09-17T13:38:19.668391+00:00,research/proposals/2026-09-17-gex-pin-ma150-extension.md,scripts/backtest/.venv/bin/python3 scripts/backtest/gex_pin_ma150_extension_test.py,,,/home/assaf/Projects/aria-trading/research/runs/20260917T133819Z_401cae621e62.log,fb3a7379d05460742dd2151df63ae90ed91d37a0,True
20260917T133819Z_401cae621e62,completed,2026-09-17T13:38:42.382618+00:00,research/proposals/2026-09-17-gex-pin-ma150-extension.md,scripts/backtest/.venv/bin/python3 scripts/backtest/gex_pin_ma150_extension_test.py,0,22.7142,/home/assaf/Projects/aria-trading/research/runs/20260917T133819Z_401cae621e62.log,fb3a7379d05460742dd2151df63ae90ed91d37a0,True
20260918T174731Z_998760cb225f,registered,2026-09-18T17:47:31.051409+00:00,research/proposals/2026-09-18-z-ma150-proximity-dit.md,scripts/backtest/.venv/bin/python3 scripts/backtest/z_ma150_proximity_dit_test.py --margin-breach 0.0 --margin-intraperiod 0.0 --margin-reach 0.0,,,/home/assaf/Projects/aria-trading/research/runs/20260918T174731Z_998760cb225f.log,0cfac898a63de5d36cb726757f6fbb60129433fb,False
20260918T174731Z_998760cb225f,completed,2026-09-18T17:48:31.914360+00:00,research/proposals/2026-09-18-z-ma150-proximity-dit.md,scripts/backtest/.venv/bin/python3 scripts/backtest/z_ma150_proximity_dit_test.py --margin-breach 0.0 --margin-intraperiod 0.0 --margin-reach 0.0,0,60.8629,/home/assaf/Projects/aria-trading/research/runs/20260918T174731Z_998760cb225f.log,0cfac898a63de5d36cb726757f6fbb60129433fb,False
